frame,angle_bin,channel,x_m,y_m,z_m,raw_distance_m,reported_h_mrad,reported_v_mrad,assigned_pulses,recorded_counts,status,processing_bin_ps
0,0,0,-2.31243894867077,-0.1451344854852406,99.95393378910055,99.980784743,-23.130920724438475,-1.4520127221185264,4,9,unthresholded_estimate,2000.0
0,0,1,-1.9233550860724293,-0.14505937906289448,99.90220809247359,99.92082625140002,-19.25,-1.4520127221185262,4,10,unthresholded_estimate,2000.0
0,0,2,-1.5373183858408874,-0.1452287169988343,100.01883091151157,100.03075015266668,-15.369079275561525,-1.452012722118526,4,7,unthresholded_estimate,2000.0
0,0,3,-2.3133056799109015,0.1451888837181811,99.99139778227489,100.01825880025001,-23.130920724438475,1.4520127221185262,4,8,unthresholded_estimate,2000.0
0,0,4,-1.9248698796820722,0.14517362474847506,99.9808889494321,99.99952177162501,-19.25,1.4520127221185262,4,17,unthresholded_estimate,2000.0
0,0,5,-1.5385250721720027,0.14534271128219295,100.09733862808262,100.10926722500002,-15.369079275561523,1.4520127221185264,4,7,unthresholded_estimate,2000.0
0,1,0,-2.113883963411365,-0.14523416882658327,100.02258557828165,100.045025984,-21.130920724438475,-1.4520127221185264,4,14,unthresholded_estimate,2000.0
0,1,1,-1.7252706755770864,-0.14520975358770574,100.00577083461789,100.02075707073332,-17.25,-1.4520127221185262,4,15,unthresholded_estimate,2000.0
0,1,2,-1.3372777826595181,-0.1452328909445683,100.02170550257888,100.03075015266668,-13.369079275561525,-1.452012722118526,4,7,unthresholded_estimate,2000.0
0,1,3,-2.1109429861506257,0.14503210930231678,99.88342744338034,99.9058366285,-21.130920724438475,1.4520127221185262,4,5,unthresholded_estimate,2000.0
0,1,4,-1.7240368554263883,0.14510590743614782,99.93425212338693,99.94922764215791,-17.25,1.4520127221185262,4,19,unthresholded_estimate,2000.0
0,1,5,-1.336609811739108,0.1451603470429976,99.97174461071944,99.980784743,-13.369079275561523,1.4520127221185264,4,6,unthresholded_estimate,2000.0
0,2,0,-1.911331346557897,-0.14505003897641883,99.89577558691124,99.91416419677779,-19.130920724438475,-1.4520127221185264,4,10,unthresholded_estimate,2000.0
0,2,1,-1.52490024359599,-0.14518062047896246,99.98570690003568,99.99743987955556,-15.25,-1.4520127221185262,4,18,unthresholded_estimate,2000.0
0,2,2,-1.1366637825352917,-0.1451639382638723,99.97421787992444,99.980784743,-11.369079275561525,-1.452012722118526,4,9,unthresholded_estimate,2000.0
0,2,3,-1.9109672227569665,0.14502240579203543,99.87674464830968,99.89512975500001,-19.130920724438475,1.4520127221185262,4,7,unthresholded_estimate,2000.0
0,2,4,-1.5252558166041568,0.14521447338846788,100.00902135534214,100.02075707073332,-15.25,1.4520127221185262,4,16,unthresholded_estimate,2000.0
0,2,5,-1.1363229538148911,0.14512041084610205,99.94424060319882,99.95080549720001,-11.369079275561523,1.4520127221185264,4,10,unthresholded_estimate,2000.0
0,3,0,-1.7123349557772058,-0.14512300317743576,99.94602593845958,99.96079857913334,-17.130920724438475,-1.4520127221185264,4,16,unthresholded_estimate,2000.0
0,3,1,-1.3249700480050215,-0.14518959472613302,99.99188745253838,100.00077090686666,-13.25,-1.4520127221185262,4,15,unthresholded_estimate,2000.0
0,3,2,-0.9367132067066131,-0.1451669488304111,99.9762912532339,99.980784743,-9.369079275561525,-1.452012722118526,4,9,unthresholded_estimate,2000.0
0,3,3,-1.7126773200590768,0.14515201907330247,99.96600914868421,99.980784743,-17.130920724438475,1.4520127221185262,4,4,unthresholded_estimate,2000.0
0,3,4,-1.324938894046957,0.14518618089006005,99.98953634801856,99.9984195934706,-13.25,1.4520127221185262,4,17,unthresholded_estimate,2000.0
0,3,5,-0.9364578671382046,0.14512737762996675,99.94903861830049,99.95353088318184,-9.369079275561523,1.4520127221185264,4,12,unthresholded_estimate,2000.0
0,4,0,-1.5127420095933184,-0.14515670241818426,99.9692345622905,99.980784743,-15.130920724438475,-1.4520127221185264,4,9,unthresholded_estimate,2000.0
0,4,1,-1.1244216580157915,-0.1451206062924251,99.94437520683054,99.95080549720001,-11.25,-1.4520127221185262,4,10,unthresholded_estimate,2000.0
0,4,2,-0.7367588840500525,-0.14516937873057192,99.97796472235447,99.980784743,-7.369079275561525,-1.452012722118526,4,10,unthresholded_estimate,2000.0
0,4,3,-1.5120940155862106,0.1450945234923251,99.92641201589413,99.937957249,-15.130920724438477,1.4520127221185262,4,7,unthresholded_estimate,2000.0
0,4,4,-1.1251336493342712,0.1452124976314758,100.00766065403876,100.01409501611111,-11.25,1.4520127221185262,4,9,unthresholded_estimate,2000.0
0,4,5,-0.7371270793944052,0.1452419271457297,100.02792872271549,100.03075015266668,-7.369079275561523,1.4520127221185264,4,6,unthresholded_estimate,2000.0
0,5,0,-1.3133629958751902,-0.14522298582096174,100.01488385667001,100.02361223700001,-13.130920724438475,-1.4520127221185264,4,7,unthresholded_estimate,2000.0
0,5,1,-0.9250853995324247,-0.1452106381317492,100.0063800189648,100.01076398880001,-9.25,-1.4520127221185262,4,11,unthresholded_estimate,2000.0
0,5,2,-0.536265081029873,-0.14502612927602007,99.87930900694866,99.88085392366668,-5.369079275561525,-1.452012722118526,4,6,unthresholded_estimate,2000.0
0,5,3,-1.3138742210346364,0.14527951371486061,100.05381454461173,100.06254632245455,-13.130920724438477,1.4520127221185262,4,11,unthresholded_estimate,2000.0
0,5,4,-0.9248080957555863,0.14516710976300468,99.97640208730444,99.980784743,-9.25,1.4520127221185262,4,18,unthresholded_estimate,2000.0
0,5,5,-0.5368016143775766,0.1451712279546354,99.97923828059241,99.980784743,-5.369079275561523,1.4520127221185264,4,12,unthresholded_estimate,2000.0
0,6,0,-1.1128540356386443,-0.145164327215358,99.97448575031316,99.980784743,-11.130920724438475,-1.4520127221185264,4,4,unthresholded_estimate,2000.0
0,6,1,-0.7251252594906222,-0.14522391644889965,100.01552477893584,100.01825880025001,-7.25,-1.4520127221185262,4,16,unthresholded_estimate,2000.0
0,6,2,-0.3370947029083769,-0.1452813214550962,100.0550595329907,100.0557328575,-3.369079275561525,-1.452012722118526,4,8,unthresholded_estimate,2000.0
0,6,3,-1.1128540356386443,0.14516432721535796,99.97448575031316,99.980784743,-11.130920724438477,1.4520127221185262,4,7,unthresholded_estimate,2000.0
0,6,4,-0.7250511637864608,0.14520907698742797,100.0053048608754,100.00803860281819,-7.25,1.4520127221185262,4,11,unthresholded_estimate,2000.0
0,6,5,-0.33701053444323115,0.14524504646846578,100.03007699627835,100.03075015266668,-3.3690792755615235,1.4520127221185264,4,6,unthresholded_estimate,2000.0
0,7,0,-0.9129029716909808,-0.14516726863715132,99.9765115037252,99.980784743,-9.130920724438475,-1.4520127221185264,4,7,unthresholded_estimate,2000.0
0,7,1,-0.5248961553334779,-0.14517131974073283,99.97930149355987,99.980784743,-5.25,-1.4520127221185262,4,13,unthresholded_estimate,2000.0
0,7,2,-0.13676416497981964,-0.14504881237518005,99.89493082821319,99.89512975500001,-1.3690792755615249,-1.452012722118526,4,7,unthresholded_estimate,2000.0
0,7,3,-0.9123555036419909,0.1450802118043854,99.91655557478745,99.92082625140002,-9.130920724438477,1.4520127221185262,4,5,unthresholded_estimate,2000.0
0,7,4,-0.5248961553334779,0.14517131974073283,99.97930149355987,99.980784743,-5.25,1.4520127221185262,4,13,unthresholded_estimate,2000.0
0,7,5,-0.13688143328848384,0.14517318434720597,99.98058564564359,99.980784743,-1.3690792755615235,1.4520127221185264,4,8,unthresholded_estimate,2000.0
0,8,0,-0.7132536527101024,-0.14523181385450926,100.02096371203827,100.02361223700001,-7.130920724438475,-1.4520127221185264,4,7,unthresholded_estimate,2000.0
0,8,1,-0.3249366358542829,-0.14517255370743426,99.98015132484262,99.980784743,-3.25,-1.4520127221185262,4,15,unthresholded_estimate,2000.0
0,8,2,0.06303259219234876,-0.1450644659520345,99.90571142649237,99.9058366285,0.6309207244384751,-1.452012722118526,4,8,unthresholded_estimate,2000.0
0,8,3,-0.7129482561557415,0.1451696293912874,99.97813735206736,99.980784743,-7.130920724438477,1.4520127221185262,4,5,unthresholded_estimate,2000.0
0,8,4,-0.3249366358542829,0.14517255370743426,99.98015132484262,99.980784743,-3.25,1.4520127221185262,4,12,unthresholded_estimate,2000.0
0,8,5,0.06302313493920678,0.14504270084086396,99.89072182237737,99.8908470056,0.6309207244384765,1.4520127221185264,4,10,unthresholded_estimate,2000.0
0,9,0,-0.5128368685499589,-0.14512787981031217,99.94938446925956,99.95080549720001,-5.130920724438475,-1.4520127221185264,4,10,unthresholded_estimate,2000.0
0,9,1,-0.1249560934751001,-0.1451502963553402,99.96482271503571,99.96500619257895,-1.25,-1.4520127221185262,4,19,unthresholded_estimate,2000.0
0,9,2,0.26295330139238743,-0.1451244512208734,99.9470232041157,99.94747446988892,2.630920724438475,-1.452012722118526,4,9,unthresholded_estimate,2000.0
0,9,3,-0.5133752395877289,0.14528023361335238,100.05431033777857,100.0557328575,-5.130920724438477,1.4520127221185262,4,9,unthresholded_estimate,2000.0
0,9,4,-0.12495377310308851,0.14514760098710508,99.96296641839325,99.96314989252942,-1.25,1.4520127221185262,4,18,unthresholded_estimate,2000.0
0,9,5,0.2632381199991281,0.1452816431777032,100.055281102937,100.0557328575,2.6309207244384765,1.4520127221185264,4,4,unthresholded_estimate,2000.0
0,10,0,-0.31303106958809457,-0.14517260886113964,99.98018930912869,99.980784743,-3.1309207244384756,-1.4520127221185264,4,13,unthresholded_estimate,2000.0
0,10,1,0.0749855024798237,-0.14517327957183299,99.98065122672196,99.980784743,0.75,-1.4520127221185262,4,12,unthresholded_estimate,2000.0
0,10,2,0.4630009451587328,-0.14517176375590035,99.97960728623559,99.980784743,4.630920724438475,-1.452012722118526,4,3,unthresholded_estimate,2000.0
0,10,3,-0.3129372071984131,0.14512907884349013,99.95021024186958,99.95080549720001,-3.1309207244384765,1.4520127221185262,4,11,unthresholded_estimate,2000.0
0,10,4,0.07497144972448642,0.14514607318510667,99.96191422311877,99.96204771437502,0.75,1.4520127221185262,4,17,unthresholded_estimate,2000.0
0,10,5,0.4631397760268466,0.14521529352014503,100.0095861789751,100.01076398880001,4.630920724438477,1.4520127221185264,4,10,unthresholded_estimate,2000.0
0,11,0,-0.11302176377462543,-0.14511104156041243,99.93778798817533,99.937957249,-1.1309207244384756,-1.4520127221185264,4,7,unthresholded_estimate,2000.0
0,11,1,0.27494652165683325,-0.14517277146662688,99.98030129531895,99.980784743,2.75,-1.4520127221185262,4,15,unthresholded_estimate,2000.0
0,11,2,0.6629591004392468,-0.14517012884934244,99.97848132818851,99.980784743,6.630920724438475,-1.452012722118526,4,5,unthresholded_estimate,2000.0
0,11,3,-0.11303252698332729,0.14512486067252928,99.94730519294532,99.94747446988892,-1.1309207244384765,1.4520127221185262,4,9,unthresholded_estimate,2000.0
0,11,4,0.27480911709828415,0.14510022135594894,99.93033612725534,99.93081933333335,2.75,1.4520127221185262,4,12,unthresholded_estimate,2000.0
0,11,5,0.6638426041546417,0.1453635922894216,100.11171935094806,100.11402583544447,6.630920724438477,1.4520127221185264,4,11,unthresholded_estimate,2000.0
0,12,0,0.08689112543830967,-0.145173265577244,99.98064158866647,99.980784743,0.8690792755615244,-1.4520127221185264,4,4,unthresholded_estimate,2000.0
0,12,1,0.47474821801957834,-0.145123316294051,99.94624158147045,99.94747446988892,4.75,-1.4520127221185262,4,9,unthresholded_estimate,2000.0
0,12,2,0.8629146039010147,-0.14516791326368672,99.9769554571924,99.980784743,8.630920724438475,-1.452012722118526,4,5,unthresholded_estimate,2000.0
0,12,3,0.08691717974878584,0.14521679579180988,100.01062079154164,100.01076398880001,0.8690792755615235,1.4520127221185262,4,10,unthresholded_estimate,2000.0
0,12,4,0.4749064410550788,0.14517168267175268,99.9795514436872,99.980784743,4.75,1.4520127221185262,4,17,unthresholded_estimate,2000.0
0,12,5,0.8635117077671671,0.14526836390139664,100.04613568239634,100.04996761792309,8.630920724438477,1.4520127221185264,4,13,unthresholded_estimate,2000.0
0,13,0,0.2867565319458302,-0.14512435617363506,99.94695774520467,99.94747446988892,2.8690792755615244,-1.4520127221185264,4,9,unthresholded_estimate,2000.0
0,13,1,0.6749709651345094,-0.14519292331753283,99.99417984916126,99.99656329342105,6.75,-1.4520127221185262,4,19,unthresholded_estimate,2000.0
0,13,2,1.0628666557273472,-0.1451651170077954,99.97502967935068,99.980784743,10.630920724438475,-1.452012722118526,4,9,unthresholded_estimate,2000.0
0,13,3,0.2869381141523613,0.14521625294974894,100.01024693691133,100.01076398880001,2.8690792755615235,1.4520127221185262,4,10,unthresholded_estimate,2000.0
0,13,4,0.6747088007177676,0.14513652916130573,99.95534126618237,99.9577237846923,6.75,1.4520127221185262,4,14,unthresholded_estimate,2000.0
0,13,5,1.0632207675566752,0.14521348119803626,100.00833803506595,100.01409501611111,10.630920724438477,1.4520127221185264,4,9,unthresholded_estimate,2000.0
0,14,0,0.487020459637023,-0.14523378483623786,100.02232112462386,100.02361223700001,4.869079275561525,-1.4520127221185264,4,7,unthresholded_estimate,2000.0
0,14,1,0.874957841594397,-0.14519067280359985,99.99262992310545,99.99656329342105,8.75,-1.4520127221185262,4,20,unthresholded_estimate,2000.0
0,14,2,1.263287774877023,-0.14521614854116396,100.01017503085293,100.01825880025001,12.630920724438475,-1.452012722118526,4,8,unthresholded_estimate,2000.0
0,14,3,0.48681193021735375,0.14517159952909323,99.97949418344439,99.980784743,4.869079275561523,1.4520127221185262,4,10,unthresholded_estimate,2000.0
0,14,4,0.8745574664084999,0.1451242344681158,99.94687392676985,99.95080549720001,8.75,1.4520127221185262,4,11,unthresholded_estimate,2000.0
0,14,5,1.2637610936386856,0.14527055698947464,100.04764605933957,100.0557328575,12.630920724438477,1.4520127221185264,4,8,unthresholded_estimate,2000.0
0,15,0,0.6874562382701097,-0.14531499282210247,100.07824896021111,100.08071556233334,6.869079275561525,-1.4520127221185264,4,15,unthresholded_estimate,2000.0
0,15,1,1.0752674028064515,-0.14523189792090688,100.02102160845838,100.02690665961539,10.75,-1.4520127221185262,4,13,unthresholded_estimate,2000.0
0,15,2,1.460125558133246,-0.14489662910052542,99.79012240237434,99.8009092682,14.630920724438475,-1.452012722118526,4,6,unthresholded_estimate,2000.0
0,15,3,0.6871816676307605,0.14525695388338172,100.03827761764089,100.04074323460001,6.869079275561523,1.4520127221185262,4,10,unthresholded_estimate,2000.0
0,15,4,1.0756923746906402,0.14528929710658167,100.06055235392733,100.066439731,10.75,1.4520127221185262,4,14,unthresholded_estimate,2000.0
0,15,5,1.4622698632151152,0.14510942078573036,99.93667176273298,99.94747446988892,14.630920724438477,1.4520127221185264,4,9,unthresholded_estimate,2000.0
0,16,0,0.8871680869677449,-0.14524015827494952,100.02671050368055,100.03075015266668,8.869079275561525,-1.4520127221185264,4,6,unthresholded_estimate,2000.0
0,16,1,1.2749921418958117,-0.145192611212424,99.99396490277357,100.00219849,12.75,-1.4520127221185262,4,14,unthresholded_estimate,2000.0
0,16,2,1.6639405008320174,-0.1452620548701614,100.04179066068596,100.0557328575,16.630920724438475,-1.452012722118526,4,8,unthresholded_estimate,2000.0
0,16,3,0.8867249460651633,0.14516761074334358,99.97674711182056,99.980784743,8.869079275561523,1.4520127221185262,4,8,unthresholded_estimate,2000.0
0,16,4,1.2747191243065408,0.1451615207175177,99.97255291885435,99.980784743,12.75,1.4520127221185262,4,17,unthresholded_estimate,2000.0
0,16,5,1.6634063305267746,0.14521542178673602,100.00967451601159,100.02361223700001,16.630920724438475,1.4520127221185264,4,7,unthresholded_estimate,2000.0
0,17,0,1.08807299089694,-0.14535129245567324,100.10324847123957,100.10926722500002,10.869079275561525,-1.4520127221185264,4,7,unthresholded_estimate,2000.0
0,17,1,1.47510372487119,-0.14520105408191109,99.999779496148,100.01076398880001,14.75,-1.4520127221185262,4,10,unthresholded_estimate,2000.0
0,17,2,1.8626243508949116,-0.14514812554040868,99.96332767757987,99.980784743,18.630920724438475,-1.452012722118526,4,11,unthresholded_estimate,2000.0
0,17,3,1.0874911336825561,0.14527356449179316,100.04971732232444,100.0557328575,10.869079275561523,1.4520127221185262,4,9,unthresholded_estimate,2000.0
0,17,4,1.4741702393005618,0.1451091669240522,99.93649692852122,99.94747446988892,14.75,1.4520127221185262,4,9,unthresholded_estimate,2000.0
0,17,5,1.8626243508949116,0.1451481255404087,99.96332767757987,99.980784743,18.630920724438475,1.4520127221185264,4,11,unthresholded_estimate,2000.0
0,18,0,1.2857664538997917,-0.1450645734472102,99.9057854582818,99.91416419677779,12.869079275561525,-1.4520127221185264,4,10,unthresholded_estimate,2000.0
0,18,1,1.6741796317799214,-0.14511668572204645,99.9416751150451,99.95580203816668,16.75,-1.4520127221185262,4,12,unthresholded_estimate,2000.0
0,18,2,2.0625471478888895,-0.14514242614756237,99.9594025130451,99.980784743,20.630920724438475,-1.452012722118526,4,11,unthresholded_estimate,2000.0
0,18,3,1.285521505179024,0.14503693749389468,99.88675261272024,99.89512975500001,12.869079275561523,1.4520127221185262,4,7,unthresholded_estimate,2000.0
0,18,4,1.6743027024557655,0.1451273533996654,99.94902193092311,99.96314989252942,16.75,1.4520127221185262,4,17,unthresholded_estimate,2000.0
0,18,5,2.0637840577227062,0.1452294680822836,100.01934818171861,100.04074323460001,20.630920724438475,1.4520127221185264,4,10,unthresholded_estimate,2000.0
0,19,0,1.4861201219145033,-0.14511374716242262,99.93965133280551,99.95080549720001,14.869079275561525,-1.4520127221185264,4,10,unthresholded_estimate,2000.0
0,19,1,1.8745278983122506,-0.14514780245541173,99.96310516935735,99.980784743,18.75,-1.4520127221185262,4,14,unthresholded_estimate,2000.0
0,19,2,2.2624616947491787,-0.14513614618642695,99.95507751187515,99.980784743,22.630920724438475,-1.452012722118526,4,5,unthresholded_estimate,2000.0
0,19,3,1.4872026500691244,0.14521945175158024,100.01244994762502,100.02361223700001,14.869079275561523,1.4520127221185262,4,8,unthresholded_estimate,2000.0
0,19,4,1.8740955311346905,0.1451143235481449,99.94004828891232,99.9577237846923,18.75,1.4520127221185262,4,13,unthresholded_estimate,2000.0
0,19,5,2.2614925528795067,0.14507397606597874,99.91226102975396,99.937957249,22.630920724438475,1.4520127221185264,4,7,unthresholded_estimate,2000.0
