frame,angle_bin,channel,x_m,y_m,z_m,raw_distance_m,reported_h_mrad,reported_v_mrad,status
0,0,0,-2.312872314290836,-0.14516168460171086,99.97266578568772,99.99952177162501,-23.130920724438475,-1.4520127221185264,unthresholded_estimate
0,0,1,-1.923643618188552,-0.1450811401458622,99.91719492237046,99.93581587430002,-19.25,-1.4520127221185262,unthresholded_estimate
0,0,2,-1.5365504945392685,-0.14515617518215154,99.96887145551179,99.980784743,-15.369079275561525,-1.452012722118526,unthresholded_estimate
0,0,3,-2.3137390455309674,0.14521608283465134,100.01012977886204,100.036995828875,-23.130920724438475,1.4520127221185262,unthresholded_estimate
0,0,4,-1.9252305448272253,0.1452008261021847,99.99962248680318,100.01825880025001,-19.25,1.4520127221185262,unthresholded_estimate
0,0,5,-1.5392381140949345,0.14541007154054117,100.14372955151094,100.15566367683334,-15.369079275561523,1.4520127221185264,unthresholded_estimate
0,1,0,-2.114353823683791,-0.1452664505257264,100.04481794302919,100.06726333665385,-21.130920724438475,-1.4520127221185264,unthresholded_estimate
0,1,1,-1.7255292334763142,-0.1452315154650543,100.0207582116038,100.03574669363334,-17.25,-1.4520127221185262,unthresholded_estimate
0,1,2,-1.3372777826595181,-0.1452328909445683,100.02170550257888,100.03075015266668,-13.369079275561525,-1.452012722118526,unthresholded_estimate
0,1,3,-2.1109429861506257,0.14503210930231678,99.88342744338034,99.9058366285,-21.130920724438475,1.4520127221185262,unthresholded_estimate
0,1,4,-1.724513146293386,0.14514599510494777,99.96186044941359,99.97684010539476,-17.25,1.4520127221185262,unthresholded_estimate
0,1,5,-1.3356078553584942,0.14505153119064154,99.8968032729303,99.9058366285,-13.369079275561523,1.4520127221185264,unthresholded_estimate
0,2,0,-1.9118092590466176,-0.145086307530922,99.92075369382577,99.93914690161111,-19.130920724438475,-1.4520127221185264,unthresholded_estimate
0,2,1,-1.5250272339560496,-0.14519271080378582,99.99403349121657,100.00576744783334,-15.25,-1.4520127221185262,unthresholded_estimate
0,2,2,-1.1369478064689587,-0.1452002111120142,99.99919894386245,100.00576744783334,-11.369079275561525,-1.452012722118526,unthresholded_estimate
0,2,3,-1.9107624031189432,0.14500686212581976,99.8660397453463,99.88442288150002,-19.130920724438475,1.4520127221185262,unthresholded_estimate
0,2,4,-1.525179622388121,0.14520721919357388,100.00402540063362,100.01576052976667,-15.25,1.4520127221185262,unthresholded_estimate
0,2,5,-1.1364933681750913,0.14514217455498718,99.95922924156162,99.9657951201,-11.369079275561523,1.4520127221185264,unthresholded_estimate
0,3,0,-1.7119436823122105,-0.14508984215358806,99.92318798391715,99.937957249,-17.130920724438475,-1.4520127221185264,unthresholded_estimate
0,3,1,-1.3245633775881405,-0.14514503197310855,99.96119714175266,99.9700778695,-13.25,-1.4520127221185262,unthresholded_estimate
0,3,2,-0.9364791454355721,-0.1451306752300037,99.9513096712116,99.95580203816668,-9.369079275561525,-1.452012722118526,unthresholded_estimate
0,3,3,-1.7120353870305687,0.14509761426855236,99.92854062951304,99.94331068575,-17.130920724438475,1.4520127221185262,unthresholded_estimate
0,3,4,-1.3251141350610713,0.14520538371797073,100.00276131094265,100.01164573132354,-13.25,1.4520127221185262,unthresholded_estimate
0,3,5,-0.9366493718145108,0.14515705603030005,99.96947809450054,99.97397127804547,-9.369079275561523,1.4520127221185264,unthresholded_estimate
0,4,0,-1.512868008428034,-0.14516879276487915,99.97756116853424,99.9891123112778,-15.130920724438475,-1.4520127221185264,unthresholded_estimate
0,4,1,-1.1245902875385894,-0.14514237003062128,99.95936386537984,99.9657951201,-11.25,-1.4520127221185262,unthresholded_estimate
0,4,2,-0.7368693426533584,-0.14519114325511925,99.99295392246277,99.9957743659,-7.369079275561525,-1.452012722118526,unthresholded_estimate
0,4,3,-1.51160802008088,0.14504788929793072,99.89429510609686,99.9058366285,-15.130920724438477,1.4520127221185262,unthresholded_estimate
0,4,4,-1.1256020646753764,0.14527295245979865,100.04929581667574,100.0557328575,-11.25,1.4520127221185262,unthresholded_estimate
0,4,5,-0.7373111770665816,0.14527820135330852,100.05291072289597,100.0557328575,-7.369079275561523,1.4520127221185264,unthresholded_estimate
0,5,0,-1.3126600612809516,-0.14514525996685074,99.96135416075013,99.9700778695,-13.130920724438475,-1.4520127221185264,unthresholded_estimate
0,5,1,-0.9249467476440055,-0.14518887394737695,99.99139105313462,99.9957743659,-9.25,-1.4520127221185262,unthresholded_estimate
0,5,2,-0.536533347703725,-0.14509867861532771,99.92927364377054,99.93081933333335,-5.369079275561525,-1.452012722118526,unthresholded_estimate
0,5,3,-1.3137847566317333,0.14526962133342833,100.04700167422192,100.0557328575,-13.130920724438477,1.4520127221185262,unthresholded_estimate
0,5,4,-0.924577009274888,0.14513083612238425,99.95142047758748,99.95580203816668,-9.25,1.4520127221185262,unthresholded_estimate
0,5,5,-0.5368381961967382,0.1451811210463592,99.98605164015903,99.98759820795455,-5.369079275561523,1.4520127221185264,unthresholded_estimate
0,6,0,-1.113271147346155,-0.14521873663335477,100.01195744662138,100.01825880025001,-11.130920724438475,-1.4520127221185264,unthresholded_estimate
0,6,1,-0.7250573384284743,-0.14521031360921727,100.00615652071376,100.0088902859375,-7.25,-1.4520127221185262,unthresholded_estimate
0,6,2,-0.3370947029083769,-0.1452813214550962,100.0550595329907,100.0557328575,-3.369079275561525,-1.452012722118526,unthresholded_estimate
0,6,3,-1.1129732104122187,0.14517987276335703,99.98519194925836,99.9914916165,-11.130920724438477,1.4520127221185262,unthresholded_estimate
0,6,4,-0.7250017666503533,0.14519918401311352,99.99849158216843,100.00122513786364,-7.25,1.4520127221185262,unthresholded_estimate
0,6,5,-0.33701053444323115,0.14524504646846578,100.03007699627835,100.03075015266668,-3.3690792755615235,1.4520127221185264,unthresholded_estimate
0,7,0,-0.9131962581457969,-0.14521390622613306,100.00863075137043,100.0129053635,-9.130920724438475,-1.4520127221185264,unthresholded_estimate
0,7,1,-0.5248053533229831,-0.14514620649201748,99.96200603141706,99.96348902426924,-5.25,-1.4520127221185262,unthresholded_estimate
0,7,2,-0.1367495064412366,-0.14503326587867685,99.88422397603439,99.88442288150002,-1.3690792755615249,-1.452012722118526,unthresholded_estimate
0,7,3,-0.9124923706542385,0.14510197601257688,99.9315445570219,99.93581587430002,-9.130920724438477,1.4520127221185262,unthresholded_estimate
0,7,4,-0.5247448186493199,0.1451294643262072,99.95047572332184,99.95195854511539,-5.25,1.4520127221185262,unthresholded_estimate
0,7,5,-0.136925408904233,0.1452198238367157,100.01270620217998,100.0129053635,-1.3690792755615235,1.4520127221185264,unthresholded_estimate
0,8,0,-0.7131773035715121,-0.1452162677387038,100.01025712204553,100.0129053635,-7.130920724438475,-1.4520127221185264,unthresholded_estimate
0,8,1,-0.3248670413724122,-0.14514146084949736,99.95873771350726,99.959370996,-3.25,-1.4520127221185262,unthresholded_estimate
0,8,2,0.06305623532520412,-0.14511887872996104,99.9431854367799,99.94331068575,0.6309207244384751,-1.452012722118526,unthresholded_estimate
0,8,3,-0.7126275897736627,0.14510433570490458,99.93316967409793,99.93581587430002,-7.130920724438477,1.4520127221185262,unthresholded_estimate
0,8,4,-0.32500306695061404,0.14520223325364678,100.00059159020822,100.00122513786364,-3.25,1.4520127221185262,unthresholded_estimate
0,8,5,0.0630325921923489,0.14506446595203457,99.90571142649237,99.9058366285,0.6309207244384765,1.4520127221185264,unthresholded_estimate
0,9,0,-0.5129137786982118,-0.1451496446393179,99.96437387904798,99.9657951201,-5.130920724438475,-1.4520127221185264,unthresholded_estimate
0,9,1,-0.12496102426562473,-0.14515602401283986,99.96876734540092,99.96895083018423,-1.25,-1.4520127221185262,unthresholded_estimate
0,9,2,0.2629752105159828,-0.14513654290986028,99.95535073479425,99.95580203816668,2.630920724438475,-1.452012722118526,unthresholded_estimate
0,9,3,-0.513471377273045,0.14530743964960952,100.07304710001411,100.074469886125,-5.130920724438477,1.4520127221185262,unthresholded_estimate
0,9,4,-0.12497030575367107,0.14516680548578026,99.97619253197071,99.97637603038235,-1.25,1.4520127221185262,unthresholded_estimate
0,9,5,0.2632381199991281,0.1452816431777032,100.055281102937,100.0557328575,2.6309207244384765,1.4520127221185264,unthresholded_estimate
0,10,0,-0.31300973722680336,-0.14516271567531025,99.97337588475163,99.97397127804547,-3.1309207244384756,-1.4520127221185264,unthresholded_estimate
0,10,1,0.07500423948694011,-0.1452095547541348,100.0056338981929,100.00576744783334,0.75,-1.4520127221185262,unthresholded_estimate
0,10,2,0.46288525276863823,-0.14513548895236314,99.95462487561934,99.95580203816668,4.630920724438475,-1.452012722118526,unthresholded_estimate
0,10,3,-0.3129372071984131,0.14512907884349013,99.95021024186958,99.95080549720001,-3.1309207244384765,1.4520127221185262,unthresholded_estimate
0,10,4,0.07497847610215506,0.14515967637846983,99.97128272492036,99.9714162286875,0.75,1.4520127221185262,unthresholded_estimate
0,10,5,0.46300094515873297,0.14517176375590038,99.97960728623559,99.980784743,4.630920724438477,1.4520127221185264,unthresholded_estimate
0,11,0,-0.1130338723844149,-0.14512658806154385,99.94849484354154,99.9486641225,-1.1309207244384756,-1.4520127221185264,unthresholded_estimate
0,11,1,0.27494652165683325,-0.14517277146662688,99.98030129531895,99.980784743,2.75,-1.4520127221185262,unthresholded_estimate
0,11,2,0.6634560712791563,-0.14527895203438693,100.05342771599075,100.0557328575,6.630920724438475,-1.452012722118526,unthresholded_estimate
0,11,3,-0.11300662801238874,0.1450916084339982,99.92440441896758,99.92457365712501,-1.1309207244384765,1.4520127221185262,unthresholded_estimate
0,11,4,0.2749277846715766,0.14516287826971627,99.9734878633103,99.97397127804547,2.75,1.4520127221185262,unthresholded_estimate
0,11,5,0.6634560712791564,0.14527895203438695,100.05342771599075,100.0557328575,6.630920724438477,1.4520127221185264,unthresholded_estimate
0,12,0,0.086923693326405,-0.1452276783454514,100.01811559226043,100.01825880025001,0.8690792755615244,-1.4520127221185264,unthresholded_estimate
0,12,1,0.47508444197001704,-0.14522609484666718,100.0170250386811,100.01825880025001,4.75,-1.4520127221185262,unthresholded_estimate
0,12,2,0.8630439764053476,-0.14518967756852386,99.9919445059866,99.9957743659,8.630920724438475,-1.452012722118526,unthresholded_estimate
0,12,3,0.0869273119806377,0.14523372420858552,100.02227937043754,100.0224225843889,0.8690792755615235,1.4520127221185262,unthresholded_estimate
0,12,4,0.4748174405976098,0.1451444765842955,99.96081464619029,99.96204771437502,4.75,1.4520127221185262,unthresholded_estimate
0,12,5,0.8634619491116543,0.1452599930149208,100.04037066362933,100.04420237834616,8.630920724438477,1.4520127221185264,unthresholded_estimate
0,13,0,0.28678042434142637,-0.14513644785470267,99.95528527042921,99.95580203816668,2.8690792755615244,-1.4520127221185264,unthresholded_estimate
0,13,1,0.6748910869137834,-0.1451757407230574,99.98234621840987,99.98472938060526,6.75,-1.4520127221185262,unthresholded_estimate
0,13,2,1.0627781277700155,-0.14515302596023524,99.96670259042189,99.97245717472224,10.630920724438475,-1.452012722118526,unthresholded_estimate
0,13,3,0.28698112046443447,0.14523801797567068,100.02523648231553,100.0257536117,2.8690792755615235,1.4520127221185262,unthresholded_estimate
0,13,4,0.6743585654422769,0.14506119009322108,99.903455346734,99.9058366285,6.75,1.4520127221185262,unthresholded_estimate
0,13,5,1.0631322395993432,0.14520139015047606,100.00001094613714,100.00576744783334,10.630920724438477,1.4520127221185264,unthresholded_estimate
0,14,0,0.48707259199194025,-0.14524933116302402,100.03302785991872,100.03431911050001,4.869079275561525,-1.4520127221185264,unthresholded_estimate
0,14,1,0.8749923566966297,-0.14519640024631403,99.99657440554819,100.00050793102632,8.75,-1.4520127221185262,unthresholded_estimate
0,14,2,1.2635244342578542,-0.14524335276531927,100.02891054509625,100.036995828875,12.630920724438475,-1.452012722118526,unthresholded_estimate
0,14,3,0.48688491551423796,0.14519336438659383,99.9944836128572,99.9957743659,4.869079275561523,1.4520127221185262,unthresholded_estimate
0,14,4,0.8745574664084999,0.1451242344681158,99.94687392676985,99.95080549720001,8.75,1.4520127221185262,unthresholded_estimate
0,14,5,1.2637610936386856,0.14527055698947464,100.04764605933957,100.0557328575,12.630920724438477,1.4520127221185264,unthresholded_estimate
0,15,0,0.6873532742803539,-0.14529322822008223,100.06325970674727,100.06572593943335,6.869079275561525,-1.4520127221185264,unthresholded_estimate
0,15,1,1.0746983590145551,-0.14515503954160372,99.96808934132474,99.97397127804547,10.75,-1.4520127221185262,unthresholded_estimate
0,15,2,1.4599062542044188,-0.14487486631453858,99.7751343996104,99.78591964530001,14.630920724438475,-1.452012722118526,unthresholded_estimate
0,15,3,0.6871816676307605,0.14525695388338172,100.03827761764089,100.04074323460001,6.869079275561523,1.4520127221185262,unthresholded_estimate
0,15,4,1.0755772781386723,0.14527375149379476,100.04984611036284,100.0557328575,10.75,1.4520127221185262,unthresholded_estimate
0,15,5,1.4614170146030079,0.14502478772911476,99.8783850853176,99.88918149194446,14.630920724438477,1.4520127221185264,unthresholded_estimate
0,16,0,0.8871680869677449,-0.14524015827494952,100.02671050368055,100.03075015266668,8.869079275561525,-1.4520127221185264,unthresholded_estimate
0,16,1,1.2751286506904471,-0.14520815645987714,100.00467089473318,100.0129053635,12.75,-1.4520127221185262,unthresholded_estimate
0,16,2,1.6639405008320174,-0.1452620548701614,100.04179066068596,100.0557328575,16.630920724438475,-1.452012722118526,unthresholded_estimate
0,16,3,0.8870098223596797,0.1452142484422331,100.0088664351591,100.0129053635,8.869079275561523,1.4520127221185262,unthresholded_estimate
0,16,4,1.2747753338102141,0.1451679217017631,99.97696126848477,99.98519345561765,12.75,1.4520127221185262,unthresholded_estimate
0,16,5,1.6625160466847027,0.14513769998102696,99.95614760822096,99.9700778695,16.630920724438475,1.4520127221185264,unthresholded_estimate
0,17,0,1.0877238765683095,-0.14530465567734518,100.07112978189048,100.0771466045,10.869079275561525,-1.4520127221185264,unthresholded_estimate
0,17,1,1.4742193701200683,-0.14511400309025527,99.93982758997525,99.95080549720001,14.75,-1.4520127221185262,unthresholded_estimate
0,17,2,1.8627512845429215,-0.14515801705775502,99.97013995287479,99.98759820795455,18.630920724438475,-1.452012722118526,unthresholded_estimate
0,17,3,1.0874911336825561,0.14527356449179316,100.04971732232444,100.0557328575,10.869079275561523,1.4520127221185262,unthresholded_estimate
0,17,4,1.4742930663493286,0.14512125733955994,99.94482358215632,99.95580203816668,14.75,1.4520127221185262,unthresholded_estimate
0,17,5,1.862065842843669,0.14510460286408475,99.93335366628226,99.95080549720001,18.630920724438475,1.4520127221185264,unthresholded_estimate
0,18,0,1.2856592888344558,-0.14505248271763463,99.8974585883486,99.9058366285,12.869079275561525,-1.4520127221185264,unthresholded_estimate
0,18,1,1.6739704116309861,-0.14509855067009417,99.92918552805246,99.94331068575,16.75,-1.4520127221185262,unthresholded_estimate
0,18,2,2.062125474081906,-0.14511275276072558,99.93896648963369,99.96034434813636,20.630920724438475,-1.452012722118526,unthresholded_estimate
0,18,3,1.2851081542127285,0.14499030182267475,99.85463468583512,99.8630091345,12.869079275561523,1.4520127221185262,unthresholded_estimate
0,18,4,1.6742288600502588,0.14512095279309403,99.94461384139629,99.95874117991177,16.75,1.4520127221185262,unthresholded_estimate
0,18,5,2.0637840577227062,0.1452294680822836,100.01934818171861,100.04074323460001,20.630920724438475,1.4520127221185264,unthresholded_estimate
0,19,0,1.4862872769972024,-0.14513006919457197,99.95089229538794,99.96204771437502,14.869079275561525,-1.4520127221185264,unthresholded_estimate
0,19,1,1.874929382119985,-0.14517889001215953,99.98451512977057,100.00219849,18.75,-1.4520127221185262,unthresholded_estimate
0,19,2,2.261613695613216,-0.14508174733103474,99.91761309001912,99.94331068575,22.630920724438475,-1.452012722118526,unthresholded_estimate
0,19,3,1.4870434547522682,0.14520390695905705,100.00174426897507,100.0129053635,14.869079275561523,1.4520127221185262,unthresholded_estimate
0,19,4,1.874852173695421,0.1451729116358619,99.98039782969111,99.99808046173078,18.75,1.4520127221185262,unthresholded_estimate
0,19,5,2.2627039802165965,0.14515168871653905,99.96578163240544,99.9914916165,22.630920724438475,1.4520127221185264,unthresholded_estimate
