frame,angle_bin,channel,x_m,y_m,z_m,raw_distance_m,reported_h_mrad,reported_v_mrad,assigned_pulses,recorded_counts,status,processing_bin_ps
0,0,0,-1.5365504945392683,0.14515617518215154,99.96887145551179,99.980784743,-15.369079275561523,1.4520127221185262,4,7,unthresholded_estimate,1000.0
0,0,1,-1.9245092145369191,0.14514642339476536,99.96215541206102,99.980784743,-19.25,1.4520127221185262,4,10,unthresholded_estimate,1000.0
0,0,2,-2.3120922561747177,0.14511272619206436,99.93894819183082,99.9657951201,-23.130920724438475,1.4520127221185262,4,11,unthresholded_estimate,1000.0
0,0,3,-1.5377023314916967,-0.14526498790717565,100.04381063951143,100.0557328575,-15.369079275561525,-1.452012722118526,4,5,unthresholded_estimate,1000.0
0,0,4,-1.9251824561412048,-0.1451971992550234,99.99712468182035,100.01576052976667,-19.25,-1.452012722118526,4,16,unthresholded_estimate,1000.0
0,0,5,-2.3130167694975245,-0.14517075097386758,99.9789097845501,100.00576744783334,-23.130920724438475,-1.4520127221185264,4,6,unthresholded_estimate,1000.0
0,1,0,-1.336359322643955,0.1451331430799086,99.95300927627217,99.96204771437502,-13.369079275561523,1.4520127221185262,4,9,unthresholded_estimate,1000.0
0,1,1,-1.7256892931282164,0.14524498710341294,100.0300361116427,100.045025984,-17.25,1.4520127221185262,4,15,unthresholded_estimate,1000.0
0,1,2,-2.113846258574689,0.14523157831986186,100.02080149962906,100.04324150508333,-21.130920724438475,1.4520127221185262,4,13,unthresholded_estimate,1000.0
0,1,3,-1.336943797199313,-0.14519661899378294,99.99672505664915,100.00576744783334,-13.369079275561525,-1.452012722118526,4,7,unthresholded_estimate,1000.0
0,1,4,-1.7240839611165308,-0.14510987215064447,99.93698261716978,99.95195854511539,-17.25,-1.452012722118526,4,14,unthresholded_estimate,1000.0
0,1,5,-2.112958481056587,-0.14517058366160432,99.9787945568092,100.00122513786364,-21.130920724438475,-1.4520127221185264,4,11,unthresholded_estimate,1000.0
0,2,0,-1.136190409312513,0.14510348351696914,99.93258277336108,99.93914690161111,-11.369079275561523,1.4520127221185262,4,10,unthresholded_estimate,1000.0
0,2,1,-1.5252177194961392,0.14521084629102088,100.0065233779879,100.01825880025001,-15.25,1.4520127221185262,4,16,unthresholded_estimate,1000.0
0,2,2,-1.9130836923498733,0.14518302367626382,99.98736197893123,100.00576744783334,-19.130920724438475,1.4520127221185262,4,9,unthresholded_estimate,1000.0
0,2,3,-1.1358117107342907,-0.14505511971944657,99.8992746881104,99.9058366285,-11.369079275561525,-1.452012722118526,4,9,unthresholded_estimate,1000.0
0,2,4,-1.525179622388121,-0.14520721919357385,100.00402540063362,100.01576052976667,-15.25,-1.452012722118526,4,16,unthresholded_estimate,1000.0
0,2,5,-1.9117455373814551,-0.14508147172365493,99.91742327957051,99.93581587430002,-19.130920724438475,-1.4520127221185264,4,10,unthresholded_estimate,1000.0
0,3,0,-0.9363119588133995,0.145104765515427,99.9334656840528,99.937957249,-9.369079275561523,1.4520127221185262,4,16,unthresholded_estimate,1000.0
0,3,1,-1.3246390372005834,0.1451533227178573,99.96690696701513,99.97578820203334,-13.25,1.4520127221185262,4,16,unthresholded_estimate,1000.0
0,3,2,-1.7120353870305687,0.14509761426855236,99.92854062951304,99.94331068575,-17.130920724438475,1.4520127221185262,4,8,unthresholded_estimate,1000.0
0,3,3,-0.9363621148000514,-0.1451125384298,99.93881888020044,99.94331068575,-9.369079275561525,-1.452012722118526,4,4,unthresholded_estimate,1000.0
0,3,4,-1.3251141350610713,-0.1452053837179707,100.00276131094265,100.01164573132354,-13.25,-1.452012722118526,4,17,unthresholded_estimate,1000.0
0,3,5,-1.7125606049629847,-0.14514212729062068,99.9591966906531,99.97397127804547,-17.130920724438475,-1.4520127221185264,4,12,unthresholded_estimate,1000.0
0,4,0,-0.7368202499407779,0.14518147013309826,99.98629205574798,99.9891123112778,-7.369079275561523,1.4520127221185262,4,9,unthresholded_estimate,1000.0
0,4,1,-1.1245902875385894,0.14514237003062128,99.95936386537984,99.9657951201,-11.25,1.4520127221185262,4,10,unthresholded_estimate,1000.0
0,4,2,-1.5129688074958063,0.14517846504223494,99.98422245352923,99.9957743659,-15.130920724438477,1.4520127221185262,4,10,unthresholded_estimate,1000.0
0,4,3,-0.7362065910335232,-0.14506055610783536,99.90301872181297,99.9058366285,-7.369079275561525,-1.452012722118526,4,7,unthresholded_estimate,1000.0
0,4,4,-1.1256020646753764,-0.14527295245979863,100.04929581667574,100.0557328575,-11.25,-1.452012722118526,4,9,unthresholded_estimate,1000.0
0,4,5,-1.5138759991057575,-0.14526551553843778,100.04417401848411,100.0557328575,-15.130920724438477,-1.4520127221185264,4,6,unthresholded_estimate,1000.0
0,5,0,-0.5366291572301004,0.1451245890936519,99.9471181569212,99.9486641225,-5.369079275561523,1.4520127221185262,4,7,unthresholded_estimate,1000.0
0,5,1,-0.9249971665125215,0.1451967881962396,99.99684158616378,100.00122513786364,-9.25,1.4520127221185262,4,12,unthresholded_estimate,1000.0
0,5,2,-1.3121445759118435,0.14508826100716934,99.92209905040892,99.93081933333335,-13.130920724438477,1.4520127221185262,4,6,unthresholded_estimate,1000.0
0,5,3,-0.5372040143883545,-0.1452800519635969,100.05418523582524,100.0557328575,-5.369079275561525,-1.452012722118526,4,10,unthresholded_estimate,1000.0
0,5,4,-0.924577009274888,-0.14513083612238423,99.95142047758748,99.95580203816668,-9.25,-1.452012722118526,4,18,unthresholded_estimate,1000.0
0,5,5,-1.3129646662717886,-0.14517894117029886,99.98455036231543,99.99327609541669,-13.130920724438477,-1.4520127221185264,4,13,unthresholded_estimate,1000.0
0,6,0,-0.33696845021065824,0.1452269089751505,100.01758572792217,100.01825880025001,-3.3690792755615235,1.4520127221185262,4,4,unthresholded_estimate,1000.0
0,6,1,-0.7251252594906222,0.14522391644889965,100.01552477893584,100.01825880025001,-7.25,1.4520127221185262,4,16,unthresholded_estimate,1000.0
0,6,2,-1.1132711473461552,0.14521873663335474,100.01195744662138,100.01825880025001,-11.130920724438477,1.4520127221185262,4,8,unthresholded_estimate,1000.0
0,6,3,-0.3368421975129399,-0.14517249649520475,99.98011192285362,99.980784743,-3.369079275561525,-1.452012722118526,4,6,unthresholded_estimate,1000.0
0,6,4,-0.7250017666503533,-0.1451991840131135,99.99849158216843,100.00122513786364,-7.25,-1.452012722118526,4,11,unthresholded_estimate,1000.0
0,6,5,-1.1136882590536656,-0.1452731460513515,100.04942914292958,100.0557328575,-11.130920724438477,-1.4520127221185264,4,7,unthresholded_estimate,1000.0
0,7,0,-0.136925408904233,0.14521982383671567,100.01270620217998,100.0129053635,-1.3690792755615235,1.4520127221185262,4,7,unthresholded_estimate,1000.0
0,7,1,-0.5248053533229831,0.14514620649201748,99.96200603141706,99.96348902426924,-5.25,1.4520127221185262,4,13,unthresholded_estimate,1000.0
0,7,2,-0.9120231123265327,0.1450273558702061,99.88015376078953,99.88442288150002,-9.130920724438477,1.4520127221185262,4,7,unthresholded_estimate,1000.0
0,7,3,-0.13681986742643523,-0.14510788906189237,99.93561686649264,99.93581587430002,-1.3690792755615249,-1.452012722118526,4,5,unthresholded_estimate,1000.0
0,7,4,-0.5247448186493199,-0.14512946432620719,99.95047572332184,99.95195854511539,-5.25,-1.452012722118526,4,13,unthresholded_estimate,1000.0
0,7,5,-0.913196258145797,-0.14521390622613306,100.00863075137043,100.0129053635,-9.130920724438477,-1.4520127221185264,4,8,unthresholded_estimate,1000.0
0,8,0,0.06307312327724379,0.14515774499990855,99.96995258698526,99.9700778695,0.6309207244384765,1.4520127221185262,4,7,unthresholded_estimate,1000.0
0,8,1,-0.3249670834401014,0.14518615683278172,99.98951977980187,99.99015325731251,-3.25,1.4520127221185262,4,17,unthresholded_estimate,1000.0
0,8,2,-0.7128146451632088,0.14514242368862793,99.95940081958011,99.96204771437502,-7.130920724438477,1.4520127221185262,4,8,unthresholded_estimate,1000.0
0,8,3,0.06303259219234876,-0.1450644659520345,99.90571142649237,99.9058366285,0.6309207244384751,-1.452012722118526,4,5,unthresholded_estimate,1000.0
0,8,4,-0.3250916417457222,-0.1452418059819301,100.02784527736233,100.02847899768183,-3.25,-1.452012722118526,4,12,unthresholded_estimate,1000.0
0,8,5,-0.7126513428390018,-0.14510917227426626,99.93650061320676,99.93914690161111,-7.130920724438477,-1.4520127221185264,4,9,unthresholded_estimate,1000.0
0,9,0,0.26299164235867956,0.14514561167660048,99.96159638280318,99.96204771437502,2.6309207244384765,1.4520127221185262,4,8,unthresholded_estimate,1000.0
0,9,1,-0.124970885846674,0.14516747932783908,99.97665660613134,99.97684010539476,-1.25,1.4520127221185262,4,19,unthresholded_estimate,1000.0
0,9,2,-0.5124523178086947,0.1450190556652834,99.87443742031739,99.87585738269999,-5.130920724438477,1.4520127221185262,4,10,unthresholded_estimate,1000.0
0,9,3,0.263238119999128,-0.14528164317770317,100.055281102937,100.0557328575,2.630920724438475,-1.452012722118526,4,6,unthresholded_estimate,1000.0
0,9,4,-0.12493724045250593,-0.14512839648842987,99.94974030481579,99.94992375467646,-1.2500000000000002,-1.452012722118526,4,18,unthresholded_estimate,1000.0
0,9,5,-0.5124779545247792,-0.14502631060828536,99.87943389024689,99.88085392366668,-5.130920724438477,-1.4520127221185264,4,6,unthresholded_estimate,1000.0
0,10,0,0.4630587913537804,0.14518990115766903,99.99209849154373,99.99327609541669,4.630920724438477,1.4520127221185262,4,14,unthresholded_estimate,1000.0
0,10,1,0.07501922909263323,0.14523857489997624,100.02562003536966,100.0257536117,0.7499999999999999,1.4520127221185262,4,10,unthresholded_estimate,1000.0
0,10,2,-0.3130310695880947,0.1451726088611396,99.98018930912869,99.980784743,-3.1309207244384765,1.4520127221185262,4,6,unthresholded_estimate,1000.0
0,10,3,0.462931529724676,-0.14514999887377802,99.96461783986584,99.9657951201,4.630920724438475,-1.452012722118526,4,11,unthresholded_estimate,1000.0
0,10,4,0.07500658161282965,-0.1452140891519225,100.00875673212676,100.0088902859375,0.7499999999999999,-1.452012722118526,4,17,unthresholded_estimate,1000.0
0,10,5,-0.3127964136138907,-0.14506378381701585,99.9052416409809,99.9058366285,-3.1309207244384765,-1.4520127221185264,4,8,unthresholded_estimate,1000.0
0,11,0,0.663314079610611,0.1452478596958028,100.03201446233298,100.03431911050001,6.630920724438477,1.4520127221185262,4,7,unthresholded_estimate,1000.0
0,11,1,0.2750257935175347,0.14521462729971035,100.00912735381722,100.00961094088463,2.75,1.4520127221185262,4,14,unthresholded_estimate,1000.0
0,11,2,-0.11318321190515139,0.14531832824216434,100.08054605972477,100.08071556233334,-1.1309207244384765,1.4520127221185262,4,7,unthresholded_estimate,1000.0
0,11,3,0.6626428462683953,-0.1451008777315869,99.93078817231437,99.93309048831819,6.630920724438475,-1.452012722118526,4,11,unthresholded_estimate,1000.0
0,11,4,0.2748989585404124,-0.1451476579667768,99.96300566022002,99.96348902426924,2.75,-1.452012722118526,4,13,unthresholded_estimate,1000.0
0,11,5,-0.11295153383784677,-0.14502087185385037,99.87568822705133,99.87585738269999,-1.1309207244384765,-1.4520127221185264,4,6,unthresholded_estimate,1000.0
0,12,0,0.86097401633602,0.14484144869112975,99.75211972527968,99.7559403995,8.630920724438477,1.4520127221185262,4,1,unthresholded_estimate,1000.0
0,12,1,0.47493017451040387,0.14517893762840797,99.98454792301972,99.98578128396666,4.75,1.4520127221185262,4,15,unthresholded_estimate,1000.0
0,12,2,0.0869236933264049,0.14522767834545136,100.01811559226043,100.01825880025001,0.8690792755615235,1.4520127221185262,4,8,unthresholded_estimate,1000.0
0,12,3,0.8631302247415696,-0.14520418710508196,100.00193720518271,100.00576744783334,8.630920724438475,-1.452012722118526,4,9,unthresholded_estimate,1000.0
0,12,4,0.47478777377845344,-0.1451354078884764,99.95456904702463,99.95580203816668,4.75,-1.452012722118526,4,15,unthresholded_estimate,1000.0
0,12,5,0.08699348165803773,-0.14534427713446718,100.0984170285332,100.09856035150003,0.8690792755615235,-1.4520127221185264,4,8,unthresholded_estimate,1000.0
0,13,0,1.0622823712089566,0.1450853160938981,99.92007089242051,99.92582279236667,10.630920724438477,1.4520127221185262,4,15,unthresholded_estimate,1000.0
0,13,1,0.6755871685515383,0.14532547476062915,100.08546785781476,100.087853478,6.75,1.4520127221185262,4,14,unthresholded_estimate,1000.0
0,13,2,0.2868090952161417,0.14515095787198376,99.96527830069869,99.9657951201,2.8690792755615235,1.4520127221185262,4,10,unthresholded_estimate,1000.0
0,13,3,1.0627781277700155,-0.14515302596023524,99.96670259042189,99.97245717472224,10.630920724438475,-1.452012722118526,4,9,unthresholded_estimate,1000.0
0,13,4,0.6749206714399784,-0.14518210464693718,99.98672904461411,99.9891123112778,6.75,-1.452012722118526,4,19,unthresholded_estimate,1000.0
0,13,5,0.2870671330885809,-0.14528154802751414,100.05521557312396,100.0557328575,2.8690792755615235,-1.4520127221185264,4,7,unthresholded_estimate,1000.0
0,14,0,1.2639977530195166,0.14529776121362994,100.06638157358289,100.074469886125,12.630920724438477,1.4520127221185262,4,9,unthresholded_estimate,1000.0
0,14,1,0.8744918877142581,0.1451133523269589,99.93937941012867,99.94331068575,8.75,1.4520127221185262,4,17,unthresholded_estimate,1000.0
0,14,2,0.4862037194099857,0.1449902257165881,99.85458227167096,99.85587121883333,4.869079275561523,1.4520127221185262,4,6,unthresholded_estimate,1000.0
0,14,3,1.2616311592112044,-0.14502571897207664,99.87902643114967,99.887099599875,12.630920724438475,-1.452012722118526,4,8,unthresholded_estimate,1000.0
0,14,4,0.8751994473100247,-0.14523076490259887,100.02024130020455,100.0241757566579,8.75,-1.452012722118526,4,19,unthresholded_estimate,1000.0
0,14,5,0.48705521454030104,-0.1452441490540953,100.02945894815377,100.03075015266668,4.869079275561523,-1.4520127221185264,4,7,unthresholded_estimate,1000.0
0,15,0,1.4625379013503481,0.1451360197463809,99.95499043277778,99.9657951201,14.630920724438477,1.4520127221185262,4,6,unthresholded_estimate,1000.0
0,15,1,1.0756923746906402,0.14528929710658167,100.06055235392733,100.066439731,10.75,1.4520127221185262,4,16,unthresholded_estimate,1000.0
0,15,2,0.6862549917229575,0.14506107246519914,99.90337433646634,99.9058366285,6.869079275561523,1.4520127221185262,4,2,unthresholded_estimate,1000.0
0,15,3,1.4633054651012443,-0.14521218949733491,100.00744844245162,100.01825880025001,14.630920724438475,-1.452012722118526,4,12,unthresholded_estimate,1000.0
0,15,4,1.074771602274898,-0.14516493220428628,99.97490240541124,99.980784743,10.75,-1.452012722118526,4,12,unthresholded_estimate,1000.0
0,15,5,0.6868727756614927,-0.14519166007732087,99.99330985724937,99.9957743659,6.869079275561523,-1.4520127221185264,4,5,unthresholded_estimate,1000.0
0,16,0,1.6624448239773368,0.14513148223657021,99.9518654555977,99.9657951201,16.630920724438475,1.4520127221185262,4,5,unthresholded_estimate,1000.0
0,16,1,1.2754016682797185,0.14523924695478346,100.0260828786524,100.03431911050001,12.75,1.4520127221185262,4,14,unthresholded_estimate,1000.0
0,16,2,0.8873896574190353,0.1452764320407524,100.05169219961053,100.0557328575,8.869079275561523,1.4520127221185262,4,7,unthresholded_estimate,1000.0
0,16,3,1.6631095692460838,-0.1451895145181663,99.99183221341471,100.00576744783334,16.630920724438475,-1.452012722118526,4,10,unthresholded_estimate,1000.0
0,16,4,1.2742413435253164,-0.14510711235143167,99.93508194699571,99.94331068575,12.75,-1.452012722118526,4,16,unthresholded_estimate,1000.0
0,16,5,0.8866645177602659,-0.14515771789812468,99.96993392202148,99.97397127804547,8.869079275561523,-1.4520127221185264,4,11,unthresholded_estimate,1000.0
0,17,0,1.8612280807668047,0.14503931884959878,99.88839264933581,99.9058366285,18.630920724438475,1.4520127221185262,4,6,unthresholded_estimate,1000.0
0,17,1,1.474661547495629,0.14515752858608316,99.96980354306162,99.980784743,14.75,1.4520127221185262,4,16,unthresholded_estimate,1000.0
0,17,2,1.0870838336324875,0.14521915491707713,100.01224551808387,100.01825880025001,10.869079275561523,1.4520127221185262,4,8,unthresholded_estimate,1000.0
0,17,3,1.8617358153588437,-0.1450788849189842,99.91564175051548,99.93309048831819,18.630920724438475,-1.452012722118526,4,13,unthresholded_estimate,1000.0
0,17,4,1.4741590732052192,-0.14510806779536964,99.93573996000893,99.94671741822728,14.75,-1.452012722118526,4,11,unthresholded_estimate,1000.0
0,17,5,1.0874911336825561,-0.14527356449179316,100.04971732232444,100.0557328575,10.869079275561523,-1.4520127221185264,4,7,unthresholded_estimate,1000.0
0,18,0,2.061619465513527,0.14507714469652153,99.91444326154,99.93581587430002,20.630920724438475,1.4520127221185262,4,16,unthresholded_estimate,1000.0
0,18,1,1.6744839519965544,0.14514306397943155,99.95984178703438,99.97397127804547,16.75,1.4520127221185262,4,11,unthresholded_estimate,1000.0
0,18,2,1.2860879490957993,0.14510084563593675,99.93076606808133,99.93914690161111,12.869079275561523,1.4520127221185262,4,9,unthresholded_estimate,1000.0
0,18,3,2.0627680246449276,-0.14515796935019112,99.9701070967368,99.9914916165,20.630920724438475,-1.452012722118526,4,7,unthresholded_estimate,1000.0
0,18,4,1.674849136256514,-0.14517471788829367,99.98164179342152,99.9957743659,16.75,-1.452012722118526,4,5,unthresholded_estimate,1000.0
0,18,5,1.287037125388774,-0.1452079349550343,100.00451834463233,100.0129053635,12.869079275561523,-1.4520127221185264,4,7,unthresholded_estimate,1000.0
0,19,0,2.263309693885142,0.14519054504181922,99.99254193373118,100.01825880025001,22.630920724438475,1.4520127221185262,4,9,unthresholded_estimate,1000.0
0,19,1,1.874929382119985,0.14517889001215953,99.98451512977057,100.00219849,18.75,1.4520127221185262,4,14,unthresholded_estimate,1000.0
0,19,2,1.4843371343657157,0.14493964548616295,99.81974773192631,99.83088851400001,14.869079275561523,1.4520127221185262,4,5,unthresholded_estimate,1000.0
0,19,3,2.264157693021105,-0.1452449438972114,100.03000635558719,100.0557328575,22.630920724438475,-1.452012722118526,4,9,unthresholded_estimate,1000.0
0,19,4,1.8744198065178608,-0.145139432728595,99.95734094924609,99.97501950342308,18.75,-1.452012722118526,4,13,unthresholded_estimate,1000.0
0,19,5,1.4873618453859803,-0.14523499654410346,100.02315562627494,100.03431911050001,14.869079275561523,-1.4520127221185264,4,7,unthresholded_estimate,1000.0
1,0,0,-1.5373183858408874,0.14522871699883433,100.01883091151157,100.03075015266668,-15.369079275561523,1.4520127221185262,4,7,unthresholded_estimate,1000.0
1,0,1,-1.9254427007949624,0.1452168268984845,100.01064221466852,100.02928058179413,-19.25,1.4520127221185262,4,17,unthresholded_estimate,1000.0
1,0,2,-2.3137390455309674,0.14521608283465134,100.01012977886204,100.036995828875,-23.130920724438475,1.4520127221185262,4,8,unthresholded_estimate,1000.0
1,0,3,-1.5369344401900777,-0.14519244609049292,99.99385118351167,100.00576744783334,-15.369079275561525,-1.452012722118526,4,9,unthresholded_estimate,1000.0
1,0,4,-1.9239543450828374,-0.14510457515828895,99.93333458533628,99.95195854511539,-19.25,-1.452012722118526,4,14,unthresholded_estimate,1000.0
1,0,5,-2.3120922561747177,-0.1451127261920644,99.93894819183082,99.9657951201,-23.130920724438475,-1.4520127221185264,4,11,unthresholded_estimate,1000.0
1,1,0,-1.3361543770206474,0.14511088529192667,99.93768036626983,99.94671741822728,-13.369079275561523,1.4520127221185262,4,11,unthresholded_estimate,1000.0
1,1,1,-1.7241502580137689,0.1451154521191954,99.94082553434565,99.95580203816668,-17.25,1.4520127221185262,4,9,unthresholded_estimate,1000.0
1,1,2,-2.112526589291024,0.1451409105846141,99.95835874678873,99.980784743,-21.130920724438475,1.4520127221185262,4,7,unthresholded_estimate,1000.0
1,1,3,-1.3359418408186992,-0.14508780314142686,99.92178371886003,99.93081933333335,-13.369079275561525,-1.452012722118526,4,8,unthresholded_estimate,1000.0
1,1,4,-1.7254430475099052,-0.14522426150593812,100.01576241927518,100.03075015266668,-17.25,-1.452012722118526,4,13,unthresholded_estimate,1000.0
1,1,5,-2.114110192431422,-0.14524971186691144,100.03329005019712,100.0557328575,-21.130920724438475,-1.4520127221185264,4,4,unthresholded_estimate,1000.0
1,2,0,-1.1369478064689584,0.1452002111120142,99.99919894386245,100.00576744783334,-11.369079275561523,1.4520127221185262,4,6,unthresholded_estimate,1000.0
1,2,1,-1.5256463119613404,0.1452516511372997,100.03462562322338,100.0463643431875,-15.25,1.4520127221185262,4,16,unthresholded_estimate,1000.0
1,2,2,-1.9135181582487106,0.14521599508944855,100.01006934885356,100.02847899768183,-19.130920724438475,1.4520127221185262,4,11,unthresholded_estimate,1000.0
1,2,3,-1.1365691078907363,-0.14515184731449168,99.96589085861177,99.97245717472224,-11.369079275561525,-1.452012722118526,4,9,unthresholded_estimate,1000.0
1,2,4,-1.5243825136665163,-0.14513132915468258,99.95176002829825,99.96348902426924,-15.25,-1.452012722118526,4,13,unthresholded_estimate,1000.0
1,2,5,-1.9128105994991758,-0.1451622987879763,99.97308877498006,99.9914916165,-19.130920724438475,-1.4520127221185264,4,7,unthresholded_estimate,1000.0
1,3,0,-0.9368536434692375,0.14518871299065553,99.99128020244727,99.9957743659,-9.369079275561523,1.4520127221185262,4,10,unthresholded_estimate,1000.0
1,3,1,-1.324374228557033,0.14512430511123672,99.94692257859651,99.95580203816668,-13.25,1.4520127221185262,4,12,unthresholded_estimate,1000.0
1,3,2,-1.7113934540020608,0.14504320946380223,99.89107211034187,99.9058366285,-17.130920724438475,1.4520127221185262,4,5,unthresholded_estimate,1000.0
1,3,3,-0.9366128947333098,-0.14515140300166507,99.96558486093862,99.9700778695,-9.369079275561525,-1.452012722118526,4,7,unthresholded_estimate,1000.0
1,3,4,-1.3262399258184117,-0.14532874733969994,100.08772167881857,100.09661364722727,-13.25,-1.452012722118526,4,11,unthresholded_estimate,1000.0
1,3,5,-1.7122493647067383,-0.1451157492034691,99.94103013590343,99.95580203816668,-17.130920724438475,-1.4520127221185264,4,10,unthresholded_estimate,1000.0
1,4,0,-0.7366082586819078,0.14513969983346198,99.95752490402496,99.96034434813636,-7.369079275561523,1.4520127221185262,4,11,unthresholded_estimate,1000.0
1,4,1,-1.1247589170613872,0.1451641337688175,99.97435252392917,99.980784743,-11.25,1.4520127221185262,4,14,unthresholded_estimate,1000.0
1,4,2,-1.5138759991057575,0.14526551553843778,100.04417401848411,100.0557328575,-15.130920724438477,1.4520127221185262,4,7,unthresholded_estimate,1000.0
1,4,3,-0.7369429817222288,-0.1452056529381508,100.00294672253497,100.00576744783334,-7.369079275561525,-1.452012722118526,4,9,unthresholded_estimate,1000.0
1,4,4,-1.1245370361103375,-0.1451354972711909,99.95463060478532,99.96106155497368,-11.25,-1.452012722118526,4,19,unthresholded_estimate,1000.0
1,4,5,-1.5120616158858555,-0.1450914145460322,99.92427088857434,99.93581587430002,-15.130920724438477,-1.4520127221185264,4,5,unthresholded_estimate,1000.0
1,5,0,-0.5369113598350614,0.14520090722980672,99.99967835929228,100.00122513786364,-5.369079275561523,1.4520127221185262,4,11,unthresholded_estimate,1000.0
1,5,1,-0.9249680787037624,0.14519222228343423,99.99369704787773,99.99808046173078,-9.25,1.4520127221185262,4,14,unthresholded_estimate,1000.0
1,5,2,-1.3130690414085089,0.14519048228196985,99.99249871110352,100.00122513786364,-13.130920724438477,1.4520127221185262,4,12,unthresholded_estimate,1000.0
1,5,3,-0.5368016143775768,-0.14517122795463538,99.97923828059241,99.980784743,-5.369079275561525,-1.452012722118526,4,7,unthresholded_estimate,1000.0
1,5,4,-0.9247214383253244,-0.145153507147772,99.96703398366057,99.9714162286875,-9.25,-1.452012722118526,4,16,unthresholded_estimate,1000.0
1,5,5,-1.3125546210918162,-0.14513360108873413,99.95332470636218,99.96204771437502,-13.130920724438477,-1.4520127221185264,4,8,unthresholded_estimate,1000.0
1,6,0,-0.33673398091489537,0.14512585722667987,99.94799151850917,99.9486641225,-3.3690792755615235,1.4520127221185262,4,8,unthresholded_estimate,1000.0
1,6,1,-0.724527554143721,0.14510421145969488,99.93308410658155,99.93581587430002,-7.25,1.4520127221185262,4,18,unthresholded_estimate,1000.0
1,6,2,-1.11273486086507,0.1451487816673589,99.96377955136796,99.9700778695,-11.130920724438477,1.4520127221185262,4,7,unthresholded_estimate,1000.0
1,6,3,-0.33608468132662894,-0.14484602161553037,99.75526909244242,99.7559403995,-3.369079275561525,-1.452012722118526,4,8,unthresholded_estimate,1000.0
1,6,4,-0.7249029723781383,-0.1451793980644846,99.98486502475448,99.98759820795455,-7.25,-1.452012722118526,4,13,unthresholded_estimate,1000.0
1,6,5,-1.1141649581479642,-0.14533532824334783,100.09225393871043,100.09856035150003,-11.130920724438477,-1.4520127221185264,4,7,unthresholded_estimate,1000.0
1,7,0,-0.13687003220291927,0.14516109262770344,99.97225809394898,99.97245717472224,-1.3690792755615235,1.4520127221185262,4,9,unthresholded_estimate,1000.0
1,7,1,-0.524502679954667,0.14506249566296617,99.904354490941,99.9058366285,-5.25,1.4520127221185262,4,12,unthresholded_estimate,1000.0
1,7,2,-0.9127318879256717,0.14514006337691196,99.95777527593216,99.96204771437502,-9.130920724438477,1.4520127221185262,4,9,unthresholded_estimate,1000.0
1,7,3,-0.13693273817352467,-0.14522759708496727,100.0180596282694,100.01825880025001,-1.3690792755615249,-1.452012722118526,4,4,unthresholded_estimate,1000.0
1,7,4,-0.5252290960386253,-0.14526340165268925,100.04271818808353,100.04420237834616,-5.25,-1.452012722118526,4,14,unthresholded_estimate,1000.0
1,7,5,-0.9131310833780601,-0.14520354231747043,100.0014931407826,100.00576744783334,-9.130920724438477,-1.4520127221185264,4,9,unthresholded_estimate,1000.0
1,8,0,0.06309564054662983,0.14520956669317187,100.0056421205924,100.00576744783334,0.6309207244384765,1.4520127221185262,4,6,unthresholded_estimate,1000.0
1,8,1,-0.3249095713335554,0.14516046204045882,99.97182380932333,99.97245717472224,-3.25,1.4520127221185262,4,18,unthresholded_estimate,1000.0
1,8,2,-0.7136608481159172,0.1453147264721383,100.0780655253328,100.08071556233334,-7.130920724438477,1.4520127221185262,4,6,unthresholded_estimate,1000.0
1,8,3,0.06304047323663389,-0.1450826035446767,99.91820276325488,99.91832798091667,0.6309207244384751,-1.452012722118526,4,13,unthresholded_estimate,1000.0
1,8,4,-0.3249366358542829,-0.14517255370743426,99.98015132484262,99.980784743,-3.25,-1.452012722118526,4,12,unthresholded_estimate,1000.0
1,8,5,-0.7136163111184063,-0.14530565790458513,100.0718200145037,100.074469886125,-7.130920724438477,-1.4520127221185264,4,9,unthresholded_estimate,1000.0
1,9,0,0.26304093788676924,0.145172817976821,99.98033332682992,99.980784743,2.6309207244384765,1.4520127221185262,4,9,unthresholded_estimate,1000.0
1,9,1,-0.12494068475471064,0.1451323974256539,99.95249574514443,99.9526792000625,-1.25,1.4520127221185262,4,16,unthresholded_estimate,1000.0
1,9,2,-0.5133752395877289,0.14528023361335238,100.05431033777857,100.0557328575,-5.130920724438477,1.4520127221185262,4,12,unthresholded_estimate,1000.0
1,9,3,0.2630902334148588,-0.14520002427704154,99.9990702708567,99.99952177162501,2.630920724438475,-1.452012722118526,4,9,unthresholded_estimate,1000.0
1,9,4,-0.12494458829720934,-0.1451369318211744,99.9556185775169,99.95580203816668,-1.2500000000000002,-1.452012722118526,4,13,unthresholded_estimate,1000.0
1,9,5,-0.5127160097455618,-0.14509367793616026,99.92582968244916,99.9272503755,-5.130920724438477,-1.4520127221185264,4,7,unthresholded_estimate,1000.0
1,10,0,0.4631166375488276,0.14520803855943756,100.00458969685184,100.00576744783334,4.630920724438477,1.4520127221185262,4,6,unthresholded_estimate,1000.0
1,10,1,0.07500156277163776,0.14520437258523453,100.00206494512561,100.00219849,0.7499999999999999,1.4520127221185262,4,14,unthresholded_estimate,1000.0
1,10,2,-0.31307800078293546,0.1451943738699644,99.99517884275824,99.9957743659,-3.1309207244384765,1.4520127221185262,4,10,unthresholded_estimate,1000.0
1,10,3,0.4628521978000397,-0.14512512472278108,99.9474870440147,99.9486641225,4.630920724438475,-1.452012722118526,4,7,unthresholded_estimate,1000.0
1,10,4,0.07498039238697378,-0.14516338634029613,99.97383777086625,99.97397127804547,0.7499999999999999,-1.452012722118526,4,11,unthresholded_estimate,1000.0
1,10,5,-0.31307800078293546,-0.14519437386996442,99.99517884275824,99.9957743659,-3.1309207244384765,-1.4520127221185264,4,10,unthresholded_estimate,1000.0
1,11,0,0.6634560712791564,0.14527895203438695,100.05342771599075,100.0557328575,6.630920724438477,1.4520127221185262,4,4,unthresholded_estimate,1000.0
1,11,1,0.27490530028926846,0.1451510064334235,99.96531174489986,99.9657951201,2.75,1.4520127221185262,4,10,unthresholded_estimate,1000.0
1,11,2,-0.11305808960399386,0.14515768106380664,99.96990855427396,99.9700778695,-1.1309207244384765,1.4520127221185262,4,7,unthresholded_estimate,1000.0
1,11,3,0.6622814129302795,-0.1450217335970091,99.87628170845821,99.87858276868184,6.630920724438475,-1.452012722118526,4,11,unthresholded_estimate,1000.0
1,11,4,0.2750348531587577,-0.14521941082349127,100.01242176050272,100.0129053635,2.75,-1.452012722118526,4,7,unthresholded_estimate,1000.0
1,11,5,-0.11315495848230937,-0.14528205307285777,100.05556339720361,100.0557328575,-1.1309207244384765,-1.4520127221185264,4,5,unthresholded_estimate,1000.0
1,12,0,0.8635614664226797,0.14527673478787242,100.05190070116332,100.0557328575,8.630920724438477,1.4520127221185262,4,2,unthresholded_estimate,1000.0
1,12,1,0.47485558365081076,0.14515613633606286,99.96884470226038,99.9700778695,4.75,1.4520127221185262,4,14,unthresholded_estimate,1000.0
1,12,2,0.08691283736370645,0.14520954075604886,100.00562425772911,100.00576744783334,0.8690792755615235,1.4520127221185262,4,3,unthresholded_estimate,1000.0
1,12,3,0.8622677413793497,-0.14505909173950102,99.9020102132215,99.9058366285,8.630920724438475,-1.452012722118526,4,4,unthresholded_estimate,1000.0
1,12,4,0.4749064410550788,-0.14517168267175268,99.9795514436872,99.980784743,4.75,-1.452012722118526,4,11,unthresholded_estimate,1000.0
1,12,5,0.0869273119806377,-0.14523372420858552,100.02227937043754,100.0224225843889,0.8690792755615235,-1.4520127221185264,4,9,unthresholded_estimate,1000.0
1,13,0,1.063464219439338,0.1452467315788268,100.03123752962019,100.036995828875,10.630920724438477,1.4520127221185262,4,8,unthresholded_estimate,1000.0
1,13,1,0.674830734480346,0.1451627583183426,99.97340525295328,99.97578820203334,6.75,1.4520127221185262,4,15,unthresholded_estimate,1000.0
1,13,2,0.2868090952161417,0.14515095787198376,99.96527830069869,99.9657951201,2.8690792755615235,1.4520127221185262,4,11,unthresholded_estimate,1000.0
1,13,3,1.0616146174736527,-0.14499411504944396,99.85726085021459,99.8630091345,10.630920724438475,-1.452012722118526,4,7,unthresholded_estimate,1000.0
1,13,4,0.674726489368045,-0.14514033416474434,99.9579617671646,99.96034434813636,6.75,-1.452012722118526,4,11,unthresholded_estimate,1000.0
1,13,5,0.28696788775302734,-0.14523132104461786,100.02062431449886,100.02114142003846,2.8690792755615235,-1.4520127221185264,4,13,unthresholded_estimate,1000.0
1,14,0,1.2614470908038915,0.14500456013106694,99.86445436451598,99.8725263553889,12.630920724438477,1.4520127221185262,4,9,unthresholded_estimate,1000.0
1,14,1,0.8746324134876333,0.1451366712008665,99.95543908864548,99.959370996,8.75,1.4520127221185262,4,14,unthresholded_estimate,1000.0
1,14,2,0.48681193021735375,0.14517159952909323,99.97949418344439,99.980784743,4.869079275561523,1.4520127221185262,4,8,unthresholded_estimate,1000.0
1,14,3,1.2624087543196498,-0.14511510428001556,99.94058597794915,99.9486641225,12.630920724438475,-1.452012722118526,4,8,unthresholded_estimate,1000.0
1,14,4,0.8750720069325508,-0.1452096174218082,100.00567705733911,100.00961094088463,8.75,-1.452012722118526,4,13,unthresholded_estimate,1000.0
1,14,5,0.4870725919919401,-0.14524933116302402,100.03302785991872,100.03431911050001,4.869079275561523,-1.4520127221185264,4,7,unthresholded_estimate,1000.0
1,15,0,1.4627572052791757,0.14515778253236777,99.96997843554173,99.980784743,14.630920724438477,1.4520127221185262,4,10,unthresholded_estimate,1000.0
1,15,1,1.0740666358940956,0.14506971532596638,99.90932666357863,99.91520514281251,10.75,1.4520127221185262,4,16,unthresholded_estimate,1000.0
1,15,2,0.6865491745508314,0.14512325704239995,99.94620077493445,99.9486641225,6.869079275561523,1.4520127221185262,4,7,unthresholded_estimate,1000.0
1,15,3,1.4627572052791757,-0.14515778253236777,99.96997843554173,99.980784743,14.630920724438475,-1.452012722118526,4,4,unthresholded_estimate,1000.0
1,15,4,1.074311216067027,-0.14510274975313858,99.93207743115319,99.937957249,10.75,-1.452012722118526,4,14,unthresholded_estimate,1000.0
1,15,5,0.6874562382701095,-0.14531499282210247,100.07824896021111,100.08071556233334,6.869079275561523,-1.4520127221185264,4,8,unthresholded_estimate,1000.0
1,16,0,1.6635843872951888,0.1452309661478778,100.02037989756971,100.03431911050001,16.630920724438475,1.4520127221185262,4,7,unthresholded_estimate,1000.0
1,16,1,1.2756746858689894,0.14527033744968976,100.04749486257163,100.0557328575,12.75,1.4520127221185262,4,12,unthresholded_estimate,1000.0
1,16,2,0.8871479441994455,0.14523686065987648,100.02443944041418,100.02847899768183,8.869079275561523,1.4520127221185262,4,12,unthresholded_estimate,1000.0
1,16,3,1.6628325920507727,-0.14516533440083462,99.97517939765764,99.9891123112778,16.630920724438475,-1.452012722118526,4,9,unthresholded_estimate,1000.0
1,16,4,1.2752924612440097,-0.1452268107568209,100.0175180850847,100.0257536117,12.75,-1.452012722118526,4,15,unthresholded_estimate,1000.0
1,16,5,0.8868357312908087,-0.14518574762624512,99.98923795978557,99.99327609541669,8.869079275561523,-1.4520127221185264,4,13,unthresholded_estimate,1000.0
1,17,0,1.8627317562893817,0.1451564952858556,99.96909191052173,99.98654998257693,18.630920724438475,1.4520127221185262,4,13,unthresholded_estimate,1000.0
1,17,1,1.474108825776178,0.1451031217162983,99.93233360170365,99.94331068575,14.75,1.4520127221185262,4,13,unthresholded_estimate,1000.0
1,17,2,1.0866765335824191,0.14516474534236107,99.97477371384329,99.980784743,10.869079275561523,1.4520127221185262,4,8,unthresholded_estimate,1000.0
1,17,3,1.8622752833628853,-0.14512092386770623,99.94459392051887,99.96204771437502,18.630920724438475,-1.452012722118526,4,8,unthresholded_estimate,1000.0
1,17,4,1.4741590732052192,-0.14510806779536964,99.93573996000893,99.94671741822728,14.75,-1.452012722118526,4,11,unthresholded_estimate,1000.0
1,17,5,1.0858619334822825,-0.14505592619292904,99.89983010536216,99.9058366285,10.869079275561523,-1.4520127221185264,4,8,unthresholded_estimate,1000.0
1,18,0,2.062968821695872,0.14517209953439913,99.97983853645653,100.00122513786364,20.630920724438475,1.4520127221185262,4,11,unthresholded_estimate,1000.0
1,18,1,1.674524229672285,0.14514655521937955,99.96224619950354,99.97637603038235,16.75,1.4520127221185262,4,17,unthresholded_estimate,1000.0
1,18,2,1.2872478533323757,0.1452317100031072,100.02089218971103,100.02928058179413,12.869079275561523,1.4520127221185262,4,17,unthresholded_estimate,1000.0
1,18,3,2.0633202165350246,-0.1451968273567631,99.99686855596605,100.01825880025001,20.630920724438475,-1.452012722118526,4,5,unthresholded_estimate,1000.0
1,18,4,1.6752740140974287,-0.1452115459937967,100.00700526239116,100.02114142003846,16.75,-1.452012722118526,4,13,unthresholded_estimate,1000.0
1,18,5,1.2873126926996379,-0.14523902540251427,100.02593029588908,100.03431911050001,12.869079275561523,-1.4520127221185264,4,8,unthresholded_estimate,1000.0
1,19,0,2.264157693021105,0.14524494389721143,100.03000635558719,100.0557328575,22.630920724438475,1.4520127221185262,4,7,unthresholded_estimate,1000.0
1,19,1,1.8746215778673885,0.14515505621865288,99.9681008267871,99.98578128396666,18.75,1.4520127221185262,4,15,unthresholded_estimate,1000.0
1,19,2,1.4867250641185559,0.14517281737401067,99.98033291167522,99.9914916165,14.869079275561523,1.4520127221185262,4,7,unthresholded_estimate,1000.0
1,19,3,2.2620376951811973,-0.14510894675873087,99.93634530094715,99.96204771437502,22.630920724438475,-1.452012722118526,4,8,unthresholded_estimate,1000.0
1,19,4,1.8751301240238523,-0.1451944337905334,99.99522010997718,100.0129053635,18.75,-1.452012722118526,4,15,unthresholded_estimate,1000.0
1,19,5,1.4872344891324953,-0.14522256071008488,100.01459108335499,100.0257536117,14.869079275561523,-1.4520127221185264,4,5,unthresholded_estimate,1000.0
